{
  "final_val_loss_vs_blocks": {
    "pearson": -0.06601599286869397,
    "spearman": -0.00691699604743083
  },
  "final_val_loss_vs_width": {
    "pearson": 0.37978162231702367,
    "spearman": -0.031258030393787994
  },
  "final_val_loss_vs_depth_width_ratio": {
    "pearson": 0.02613076617567739,
    "spearman": -0.00691699604743083
  },
  "final_val_loss_vs_patch_aofe": {
    "pearson": 0.31288971551450573,
    "spearman": 0.4654150197628458
  },
  "final_val_loss_vs_patch_log10_aofe": {
    "pearson": 0.43006223616373773,
    "spearman": 0.4654150197628458
  },
  "final_val_loss_vs_patch_aofe_ratio": {
    "pearson": -0.06577050657057885,
    "spearman": 0.12055335968379446
  },
  "final_val_loss_vs_patch_agop_mean_cos2": {
    "pearson": 0.16685811763809583,
    "spearman": 0.12055335968379446
  },
  "final_val_loss_vs_wtw_stem_mean_cos2": {
    "pearson": -0.098859580173239,
    "spearman": 0.042490118577075096
  }
}