{
  "final_val_loss_vs_blocks": {
    "pearson": 0.26546498595598633,
    "spearman": 0.23517786561264822
  },
  "final_val_loss_vs_width": {
    "pearson": -0.17555055330348185,
    "spearman": -0.27784915905589325
  },
  "final_val_loss_vs_depth_width_ratio": {
    "pearson": 0.308264963145478,
    "spearman": 0.23517786561264822
  },
  "final_val_loss_vs_aofe": {
    "pearson": 0.008960301149640349,
    "spearman": 0.02766798418972332
  },
  "final_val_loss_vs_log10_aofe": {
    "pearson": 0.010771277846651198,
    "spearman": 0.02766798418972332
  },
  "final_val_loss_vs_aofe_ratio": {
    "pearson": -0.03966630259198329,
    "spearman": 0.05632411067193676
  },
  "final_val_loss_vs_aofe_total_energy": {
    "pearson": 0.010925626823483818,
    "spearman": 0.030632411067193676
  },
  "final_val_loss_vs_benign_score": {
    "pearson": -0.018588922822432442,
    "spearman": -0.06225296442687747
  }
}