step,lr,train_ce,val_ce,test_ce
200,0.00019999999999999998,2.754382836818695,2.7559984885189386,2.7591594646149953
400,0.0002960192410639873,2.480429482460022,2.476349904641416,2.483043188336252
600,0.00026498159004424856,2.416205883026123,2.4145813796479825,2.419796000574016
800,0.0002093762704964182,2.3496530175209047,2.34867451894932,2.354682769654433
1000,0.00014108425448327604,2.29092161655426,2.2906947637859143,2.29799142566126
1200,7.469723109070378e-05,2.239702880382538,2.242415375841398,2.249976225802693
1400,2.439985705068549e-05,2.2237051010131834,2.218481664461924,2.2261102353586266
1600,9.389763821034346e-07,2.211396563053131,2.2109044210704494,2.21875110222525
1647,4.079675500590074e-10,2.2116724252700806,2.210799938009638,2.2186483972090554
