step,lr,train_ce,val_ce,test_ce
200,0.00019999999999999998,4.433983969688415,4.43605802316521,4.434451302412338
400,0.0002960192410639873,3.179287552833557,3.1807249953553254,3.1794058565010497
600,0.00026498159004424856,2.8188878893852234,2.824115027709267,2.825710636823838
800,0.0002093762704964182,2.6452582716941833,2.641993283800096,2.64496939738875
1000,0.00014108425448327604,2.546230936050415,2.550903560219866,2.5553551188925168
1200,7.469723109070378e-05,2.50393522977829,2.5071064704874604,2.511046888523049
1400,2.439985705068549e-05,2.479528343677521,2.4848235176675133,2.489235949431248
1600,9.389763821034346e-07,2.4830464124679565,2.478688372340615,2.483077098772349
1647,4.079675500590074e-10,2.4760446190834045,2.478634286415992,2.4830222868796525
