step,lr,train_ce,val_ce,test_ce
200,0.00019999999999999998,3.420975613594055,3.4243611881075746,3.4233095620390066
400,0.0002960192410639873,2.593354368209839,2.5930455158482055,2.5978489353030247
600,0.00026498159004424856,2.471309554576874,2.471599381486823,2.4760463592130137
800,0.0002093762704964182,2.396553373336792,2.3945616463483392,2.399409943897007
1000,0.00014108425448327604,2.3351184725761414,2.333015509527991,2.3383461932931873
1200,7.469723109070378e-05,2.296086513996124,2.2960574601400547,2.301256062631989
1400,2.439985705068549e-05,2.2782595992088317,2.27535996960275,2.2808791684858676
1600,9.389763821034346e-07,2.2618390321731567,2.2674372147280226,2.273069538202637
1647,4.079675500590074e-10,2.274365746974945,2.267379332396944,2.2729413292968363
