step,lr,train_ce,val_ce,test_ce
200,0.00019999999999999998,4.140633630752563,4.140147851047295,4.138223025896131
400,0.0002960192410639873,2.9882685422897337,2.9901523660273557,2.9903579119222297
600,0.00026498159004424856,2.6791183710098267,2.683465548437903,2.687473504258865
800,0.0002093762704964182,2.5438650965690615,2.545685692411996,2.55019775100327
1000,0.00014108425448327604,2.4769339323043824,2.4715798911401783,2.4762384488003337
1200,7.469723109070378e-05,2.422775459289551,2.4261068668246377,2.4311932183143594
1400,2.439985705068549e-05,2.4026694774627684,2.403622362466926,2.409507524669525
1600,9.389763821034346e-07,2.3960793256759643,2.397754903992407,2.4036100147926187
1647,4.079675500590074e-10,2.399028408527374,2.3975453734078864,2.4034750413384365
