step,lr,train_ce,val_ce,test_ce
200,0.00019999999999999998,3.4657783269882203,3.465555888643018,3.463535050291227
400,0.0002960192410639873,2.630086672306061,2.6282059737978822,2.6327367110522646
600,0.00026498159004424856,2.483614993095398,2.48146750669624,2.4865795956497103
800,0.0002093762704964182,2.4029984354972838,2.4036592611981544,2.4094573575449614
1000,0.00014108425448327604,2.334021306037903,2.3340741522497197,2.339638956850878
1200,7.469723109070378e-05,2.2876543164253236,2.2857917437693778,2.2899266990271534
1400,2.439985705068549e-05,2.2612578749656675,2.260470428177547,2.2649249433289906
1600,9.389763821034346e-07,2.2479469180107117,2.2520367110232815,2.2567036493023944
1647,4.079675500590074e-10,2.2530837178230287,2.2519902721459477,2.25658926583924
