step,lr,train_ce,val_ce,test_ce
200,0.00019999999999999998,3.9162758469581602,3.9193787630065864,3.9166929930672967
400,0.0002960192410639873,2.8270346999168394,2.8198006053145286,2.821095004329311
600,0.00026498159004424856,2.573099362850189,2.5744475503780286,2.578681223079698
800,0.0002093762704964182,2.4740947246551515,2.474420785691247,2.479363165154988
1000,0.00014108425448327604,2.4014506936073303,2.4020494848994884,2.4071394640256902
1200,7.469723109070378e-05,2.3541202545166016,2.351315633406286,2.356958648584875
1400,2.439985705068549e-05,2.326265788078308,2.3277445067049243,2.333272964955321
1600,9.389763821034346e-07,2.326045823097229,2.319345192224399,2.324662617166695
1647,4.079675500590074e-10,2.3225727319717406,2.31914319958036,2.3245334239692097
