step,lr,train_ce,val_ce,test_ce
200,0.00019999999999999998,3.7929962515830993,3.7994245608718558,3.797143586136451
400,0.0002960192410639873,2.75399044752121,2.753478171036352,2.75711600250353
600,0.00026498159004424856,2.546734964847565,2.544193414148744,2.549700630783704
800,0.0002093762704964182,2.46444251537323,2.4638904410744225,2.4695039704542427
1000,0.00014108425448327604,2.415027892589569,2.4114189981669854,2.416189628416614
1200,7.469723109070378e-05,2.37279132604599,2.3733626777417527,2.377998300643842
1400,2.439985705068549e-05,2.346820044517517,2.3508436949948557,2.356170856900693
1600,9.389763821034346e-07,2.3368915796279905,2.3438392940320467,2.3490311618461717
1647,4.079675500590074e-10,2.343957233428955,2.3437369127128935,2.3489551793664303
