step,lr,train_ce,val_ce,test_ce
200,0.00019999999999999998,4.034003233909607,4.036720529398037,4.0347948259557
400,0.0002960192410639873,2.864047849178314,2.8680940916451036,2.8689689076802014
600,0.00026498159004424856,2.6066439509391786,2.6042746476676184,2.6087176987825287
800,0.0002093762704964182,2.497511565685272,2.5027662620918756,2.5070711756527446
1000,0.00014108425448327604,2.4455085158348084,2.444274861083086,2.449415384565513
1200,7.469723109070378e-05,2.4085157752037047,2.414041079760236,2.418926706212029
1400,2.439985705068549e-05,2.3984307527542112,2.397763170800392,2.4028522825600183
1600,9.389763821034346e-07,2.387595498561859,2.393026271534221,2.3979388496680154
1647,4.079675500590074e-10,2.388874924182892,2.39291355633289,2.3978599823518163
